<?xml version="1.0" encoding="UTF-8"?>
<!DOCTYPE configuration PUBLIC "-//mybatis.org//DTD Config 3.0//EN" "http://mybatis.org/dtd/mybatis-3-config.dtd" >

<!-- configuration : 마이바티스 설정과 관련된 기본 셋팅들을 선언할 수 있는 영역 
					내부에 작성하는 엘리먼트들의 순서가 중요-->

<configuration>

	<!-- 만약에 Null로 데이터가 들어오면 빈칸이 아니고 null로 인식하도록 설정 -->
	<settings>
		<setting name = "jdbcTypeForNull" value="NULL"></setting> <!-- value는 대문자로 작성 -->
	</settings>
	
	<!-- VO/DTO 객체의 풀네임을 일반 클래스명으로 사용하기 위해 별칭을 선언 -->
	<typeAliases>
		<typeAlias type="com.kh.mybatis.member.model.vo.Member" alias="Member"/>
		<typeAlias type="com.kh.mybatis.board.model.vo.Board" alias="Board"/>
	</typeAliases>
	
	<!-- DB연결 설정 -->
	<environments default="development">
	    <environment id="development">
	      <transactionManager type="JDBC"/>
	      <dataSource type="POOLED">
	        <property name="driver" value="oracle.jdbc.driver.OracleDriver"/>
	        <property name="url" value="jdbc:oracle:thin:@localhost:1521:xe"/>
	        <property name="username" value="mybatis"/>
	        <property name="password" value="mybatis"/>
	      </dataSource>
	    </environment>
	  </environments>
	  
	  
	  <!-- DB에 사용되는 쿼리문을 담은 mapper 파일을 등록 -->
	  <mappers>
	  	<mapper resource="/mappers/member-mapper.xml"></mapper>
	  	<mapper resource="/mappers/board-mapper.xml"></mapper>
	  </mappers>
</configuration>
